location,manuscript value,source output,absolute difference,status
Table 2 TabArena D,51,released case summary: 51,0,PASS
Table 2 TabArena M,14,released case summary: 14,0,PASS
Table 2 TabArena Top-1,0.0366,released Top-k certificate: 0.036601307189542499,1.3071895424987545e-06,PASS
Table 2 TabArena Top-3,0.02832,released Top-k certificate: 0.028322440087145899,2.4400871458975237e-06,PASS
Table 2 TabArena Top-5,0.00545,released Top-k certificate: 0.0054466230936819002,3.3769063180998093e-06,PASS
Table 2 BenchPress D,11,released case summary: 11,0,PASS
Table 2 BenchPress M,10,released case summary: 10,0,PASS
Table 2 BenchPress Top-1,0.09091,released Top-k certificate: 0.090909090909090801,9.0909090920410218e-07,PASS
Table 2 BenchPress Top-3,0.04091,released Top-k certificate: 0.040909090909090999,9.0909090900287426e-07,PASS
Table 2 BenchPress Top-5,0.17172,released Top-k certificate: 0.17171717171717171,2.8282828282988337e-06,PASS
Table 2 BeyondArena D,122,released case summary: 122,0,PASS
Table 2 BeyondArena M,11,released case summary: 11,0,PASS
Table 2 BeyondArena Top-1,0.01867,released Top-k certificate: 0.018670309653916101,3.0965391610224269e-07,PASS
Table 2 BeyondArena Top-3,0.08607,released Top-k certificate: 0.086065573770491802,4.4262295081920477e-06,PASS
Table 2 BeyondArena Top-5,0.01892,released Top-k certificate: 0.018915510718789399,4.489281210599827e-06,PASS
TabArena text Top-1,0.0366013072,tabarena_topk_certificates.csv: 0.036601307189542499,1.0457502919170025e-11,PASS
TabArena text Top-3,0.0283224401,tabarena_topk_certificates.csv: 0.028322440087145899,1.2854099729064927e-11,PASS
TabArena text Top-5,0.0054466231,tabarena_topk_certificates.csv: 0.0054466230936819002,6.3180996892620023e-12,PASS
Table 3 RealMLP global,0.0,TABARENA_GLOBAL_FEASIBLE_WINNER_ENTRY_RADII.csv: 0,0,PASS
Table 3 RealMLP pairwise,0.0,TABARENA_GLOBAL_FEASIBLE_WINNER_ENTRY_RADII.csv: 0,0,PASS
Table 3 RealMLP gap,0.0,TABARENA_GLOBAL_FEASIBLE_WINNER_ENTRY_RADII.csv: 0,0,PASS
Table 3 LightGBM global,0.0366,TABARENA_GLOBAL_FEASIBLE_WINNER_ENTRY_RADII.csv: 0.036601307189542499,1.3071895424987545e-06,PASS
Table 3 LightGBM pairwise,0.0366,TABARENA_GLOBAL_FEASIBLE_WINNER_ENTRY_RADII.csv: 0.036601307189542499,1.3071895424987545e-06,PASS
Table 3 LightGBM gap,0.0,TABARENA_GLOBAL_FEASIBLE_WINNER_ENTRY_RADII.csv: 2.775557561562892e-17,2.775557561562892e-17,PASS
Table 3 TabM global,0.03922,TABARENA_GLOBAL_FEASIBLE_WINNER_ENTRY_RADII.csv: 0.039215686274509803,4.3137254901945421e-06,PASS
Table 3 TabM pairwise,0.03922,TABARENA_GLOBAL_FEASIBLE_WINNER_ENTRY_RADII.csv: 0.039215686274509699,4.3137254902986255e-06,PASS
Table 3 TabM gap,0.0,TABARENA_GLOBAL_FEASIBLE_WINNER_ENTRY_RADII.csv: 1.0408340855860844e-16,1.0408340855860844e-16,PASS
Table 3 CatBoost global,0.10071,TABARENA_GLOBAL_FEASIBLE_WINNER_ENTRY_RADII.csv: 0.1007130124777183,3.0124777183060392e-06,PASS
Table 3 CatBoost pairwise,0.09091,TABARENA_GLOBAL_FEASIBLE_WINNER_ENTRY_RADII.csv: 0.090909090909090898,9.0909090910695767e-07,PASS
Table 3 CatBoost gap,0.0098,TABARENA_GLOBAL_FEASIBLE_WINNER_ENTRY_RADII.csv: 0.0098039215686274005,3.9215686274008538e-06,PASS
Table 3 ModernNCA global,0.13608,TABARENA_GLOBAL_FEASIBLE_WINNER_ENTRY_RADII.csv: 0.1360842844600525,4.2844600524893917e-06,PASS
Table 3 ModernNCA pairwise,0.13575,TABARENA_GLOBAL_FEASIBLE_WINNER_ENTRY_RADII.csv: 0.13574660633484151,3.393665158502035e-06,PASS
Table 3 ModernNCA gap,0.00034,TABARENA_GLOBAL_FEASIBLE_WINNER_ENTRY_RADII.csv: 0.00033767812521099999,2.3218747890000344e-06,PASS
Table 3 XGBoost global,0.2254,TABARENA_GLOBAL_FEASIBLE_WINNER_ENTRY_RADII.csv: 0.2254021369026652,2.136902665206275e-06,PASS
Table 3 XGBoost pairwise,0.14542,TABARENA_GLOBAL_FEASIBLE_WINNER_ENTRY_RADII.csv: 0.1454248366013072,4.8366013072065339e-06,PASS
Table 3 XGBoost gap,0.07998,TABARENA_GLOBAL_FEASIBLE_WINNER_ENTRY_RADII.csv: 0.079977300301357995,2.6996986420002589e-06,PASS
Table 3 TabDPT global,0.22861,TABARENA_GLOBAL_FEASIBLE_WINNER_ENTRY_RADII.csv: 0.22861452273216959,4.5227321695817668e-06,PASS
Table 3 TabDPT pairwise,0.21569,TABARENA_GLOBAL_FEASIBLE_WINNER_ENTRY_RADII.csv: 0.2156862745098039,3.7254901960881437e-06,PASS
Table 3 TabDPT gap,0.01293,TABARENA_GLOBAL_FEASIBLE_WINNER_ENTRY_RADII.csv: 0.0129282482223657,1.7517776343001917e-06,PASS
Table 3 FastAI global,0.32598,TABARENA_GLOBAL_FEASIBLE_WINNER_ENTRY_RADII.csv: 0.32598039215686281,3.9215686281623974e-07,PASS
Table 3 FastAI pairwise,0.3092,TABARENA_GLOBAL_FEASIBLE_WINNER_ENTRY_RADII.csv: 0.30920060331825028,6.0331825030290887e-07,PASS
Table 3 FastAI gap,0.01678,TABARENA_GLOBAL_FEASIBLE_WINNER_ENTRY_RADII.csv: 0.016779788838612499,2.1116138750054692e-07,PASS
Table 3 EBM global,0.32922,TABARENA_GLOBAL_FEASIBLE_WINNER_ENTRY_RADII.csv: 0.32921810699588477,1.8930041152387389e-06,PASS
Table 3 EBM pairwise,0.2366,TABARENA_GLOBAL_FEASIBLE_WINNER_ENTRY_RADII.csv: 0.23660130718954239,1.3071895423877322e-06,PASS
Table 3 EBM gap,0.09262,TABARENA_GLOBAL_FEASIBLE_WINNER_ENTRY_RADII.csv: 0.092616799806342298,3.2001936576958601e-06,PASS
Table 3 NN-Torch global,0.34887,TABARENA_GLOBAL_FEASIBLE_WINNER_ENTRY_RADII.csv: 0.34886681945505488,3.1805449451360879e-06,PASS
Table 3 NN-Torch pairwise,0.27273,TABARENA_GLOBAL_FEASIBLE_WINNER_ENTRY_RADII.csv: 0.2727272727272726,2.7272727273763842e-06,PASS
Table 3 NN-Torch gap,0.07614,TABARENA_GLOBAL_FEASIBLE_WINNER_ENTRY_RADII.csv: 0.076139546727782295,4.5327221770419257e-07,PASS
Table 3 ExtraTrees global,0.40629,TABARENA_GLOBAL_FEASIBLE_WINNER_ENTRY_RADII.csv: 0.40629274965800283,2.7496580028429918e-06,PASS
Table 3 ExtraTrees pairwise,0.30952,TABARENA_GLOBAL_FEASIBLE_WINNER_ENTRY_RADII.csv: 0.30952380952380948,3.8095238094615347e-06,PASS
Table 3 ExtraTrees gap,0.09677,TABARENA_GLOBAL_FEASIBLE_WINNER_ENTRY_RADII.csv: 0.096768940134193293,1.0598658067018096e-06,PASS
Table 3 RandomForest global,0.50561,TABARENA_GLOBAL_FEASIBLE_WINNER_ENTRY_RADII.csv: 0.50561421149656471,4.2114965647099822e-06,PASS
Table 3 RandomForest pairwise,0.29758,TABARENA_GLOBAL_FEASIBLE_WINNER_ENTRY_RADII.csv: 0.29757785467128051,2.145328719505013e-06,PASS
Table 3 RandomForest gap,0.20804,TABARENA_GLOBAL_FEASIBLE_WINNER_ENTRY_RADII.csv: 0.20803635682528421,3.6431747157950056e-06,PASS
Table 3 Linear global,0.64611,TABARENA_GLOBAL_FEASIBLE_WINNER_ENTRY_RADII.csv: 0.64611470981615959,4.709816159631508e-06,PASS
Table 3 Linear pairwise,0.52036,TABARENA_GLOBAL_FEASIBLE_WINNER_ENTRY_RADII.csv: 0.52036199095022662,1.9909502265713641e-06,PASS
Table 3 Linear gap,0.12575,TABARENA_GLOBAL_FEASIBLE_WINNER_ENTRY_RADII.csv: 0.12575271886593289,2.7188659328936104e-06,PASS
BeyondArena text IID task count,97,ALL_CASE_SUMMARIES.csv: 97,0,PASS
BeyondArena text IID Top-1,0.0057274,ALL_CASE_SUMMARIES.csv: 0.0057273768613973,2.3138602699666888e-08,PASS
BeyondArena text temporal task count,11,ALL_CASE_SUMMARIES.csv: 11,0,PASS
BeyondArena text temporal Top-1,0.102273,ALL_CASE_SUMMARIES.csv: 0.10227272727272731,2.7272727269600505e-07,PASS
BeyondArena text grouped task count,14,ALL_CASE_SUMMARIES.csv: 14,0,PASS
BeyondArena text grouped Top-1,0.0714286,ALL_CASE_SUMMARIES.csv: 0.071428571428571397,2.8571428598023196e-08,PASS
BeyondArena text regime-balanced Top-1,0.0051179,ALL_CASE_SUMMARIES.csv: 0.0051178859547566999,1.4045243299995458e-08,PASS
BeyondArena text coverage9 122-dataset Top-1,0.0163934,ALL_CASE_SUMMARIES.csv: 0.0163934426229508,4.2622950800763615e-08,PASS
BeyondArena text coverage9 142-dataset Top-1,0.0295775,ALL_CASE_SUMMARIES.csv: 0.0295774647887324,3.5211267599560836e-08,PASS
BenchPress verified_plus_third_party_canonical common benchmarks,12,benchpress_source_gate_sensitivity.csv: 12,0,PASS
BenchPress verified_plus_third_party_canonical radius,0.125,benchpress_source_gate_sensitivity.csv: 0.125,0,PASS
BenchPress released_paper_matrix_all_statuses common benchmarks,13,benchpress_source_gate_sensitivity.csv: 13,0,PASS
BenchPress released_paper_matrix_all_statuses radius,0.14103,benchpress_source_gate_sensitivity.csv: 0.14102564102564111,4.358974358881218e-06,PASS
BenchPress fixed-scope cell count,110,benchpress_fixed_scope_source_control.csv: 110,0,PASS
BenchPress fixed-scope radius,0.0909091,benchpress_fixed_scope_source_control.csv: 0.090909090909090801,9.0909092059776597e-09,PASS
TabArena task bootstrap winner percent,76.12,tabarena_bootstrap_winner_frequencies.csv: 76.120000000000005,0,PASS
TabArena task bootstrap replicates,10000,tabarena_bootstrap_winner_frequencies.csv: 10000,0,PASS
TabArena task bootstrap MCSE percentage points,0.43,binomial MCSE from archived frequency and N: 0.42635027852694085,0.0036497214730591421,PASS
TabArena paired-fold bootstrap winner percent,100,tabarena_bootstrap_winner_frequencies.csv: 100,0,PASS
TabArena paired-fold bootstrap replicates,3000,tabarena_bootstrap_winner_frequencies.csv: 3000,0,PASS
TabArena leave-one-dataset-out count,51,tabarena_leave_one_dataset_out.csv: 51,0,PASS
TabArena leave-one-nonwinner-method count,13,tabarena_leave_one_method_out.csv (rank rows): 13,0,PASS
TabArena min-max Top-1,0.0251975,tabarena_run_metadata.json: 0.025197535419379538,3.5419379536966167e-08,PASS
TabArena problem-type-balanced Top-1,0.0504,baseline_weight_sensitivity.csv: 0.0503988603988604,1.1396011396005989e-06,PASS
TabArena problem-type-balanced Top-3,0.00475,baseline_weight_sensitivity.csv: 0.0047483380816714001,1.6619183285998193e-06,PASS
Witness table total candidate problems,109,PAIRWISE_RECOMPUTATION.csv: 109,0,PASS
Witness table finite pairwise,101,PAIRWISE_RECOMPUTATION.csv: 101,0,PASS
Witness table infeasible pairwise,8,PAIRWISE_RECOMPUTATION.csv: 8,0,PASS
Witness table finite verifier passes,101,PAIRWISE_RECOMPUTATION.csv: 101,0,PASS
Global verifier total,14,GLOBAL_RECOMPUTATION.csv: 14,0,PASS
Global finite cases,13,GLOBAL_RECOMPUTATION.csv: 13,0,PASS
Global dominance-infeasible cases,1,GLOBAL_RECOMPUTATION.csv: 1,0,PASS
Independent maximum pairwise difference,3e-15,INDEPENDENT_VERIFICATION_RESULTS.json: 2.9976021664879227e-15,2.3978335120771795e-18,PASS
Independent maximum finite global difference,3.33e-16,INDEPENDENT_VERIFICATION_RESULTS.json: 3.3306690738754696e-16,6.6907387546974511e-20,PASS
Ordered-transfer random matrices,1500,ORDERED_TRANSFER_SIGN_CONSISTENT_VALIDATION.csv: 1500,0,PASS
Ordered-transfer candidate problems,6800,ORDERED_TRANSFER_SIGN_CONSISTENT_VALIDATION.csv: 6800,0,PASS
Ordered-transfer finite comparisons,6402,ORDERED_TRANSFER_SIGN_CONSISTENT_VALIDATION.csv: 6402,0,PASS
Ordered-transfer infeasible comparisons,398,ORDERED_TRANSFER_SIGN_CONSISTENT_VALIDATION.csv: 398,0,PASS
Ordered-transfer maximum LP difference,1.14e-13,ORDERED_TRANSFER_SIGN_CONSISTENT_VALIDATION.csv: 1.1424194923392861e-13,2.4194923392861414e-16,PASS
Evidence-register maximum TV discrepancy,2.3e-16,ORDERED_TRANSFER_SIGN_CONSISTENT_VALIDATION.csv (manuscript says below): 2.2898349882893849e-16,1.0165011710615031e-18,PASS
