case_id,winner,competitor,nominal_gap,finite,finite_or_infinite_reason,radius_tv_primal_dual,radius_tv_lp,radius_tv_transport,lp_transport_abs_diff,range_lower_bound,verification_status,objective_gap,maximum_primal_violation,maximum_dual_violation,maximum_complementarity_residual,mathematical_tie_tolerance,verification_tolerance
primary11__all__rank__equal,TA-TABPFN-2.6 (default),LR (tuned + ensemble),0.555737704918033,True,finite_pairwise_boundary,0.3635831381733022,0.3635831381733022,0.3635831381733022,0.0,0.3473360655737706,PASS,0.0,3.3306690738754696e-16,8.326672684688674e-17,1.0318964002297625e-17,1e-12,1e-08
primary11__all__rank__equal,TA-TABPFN-2.6 (default),RF (tuned + ensemble),0.4934426229508198,True,finite_pairwise_boundary,0.3763040238450076,0.3763040238450076,0.3763040238450076,0.0,0.3289617486338799,PASS,5.551115123125783e-17,5.551115123125784e-16,4.440892098500626e-16,4.3742952628208005e-17,1e-12,1e-08
primary11__all__rank__equal,TA-TABPFN-2.6 (default),XT (tuned + ensemble),0.4139344262295084,True,finite_pairwise_boundary,0.2792740046838409,0.2792740046838409,0.279274004683841,5.551115123125783e-17,0.2434908389585343,PASS,1.1102230246251563e-16,4.440892098500626e-16,1.1102230246251563e-16,1.710246405853247e-17,1e-12,1e-08
primary11__all__rank__equal,TA-TABPFN-2.6 (default),CAT (tuned + ensemble),0.2016393442622951,True,finite_pairwise_boundary,0.1219262295081969,0.1219262295081969,0.1219262295081968,1.3877787807814454e-16,0.1186113789778206,PASS,1.3877787807814454e-16,4.440892098500626e-16,2.7755575615628914e-16,1.390222679121065e-17,1e-12,1e-08
primary11__all__rank__equal,TA-TABPFN-2.6 (default),GBM (tuned + ensemble),0.228688524590164,True,finite_pairwise_boundary,0.1437158469945357,0.1437158469945357,0.1437158469945356,5.551115123125783e-17,0.1345226615236258,PASS,1.3877787807814454e-16,4.440892098500626e-16,1.1102230246251563e-16,5.120278063108593e-18,1e-12,1e-08
primary11__all__rank__equal,TA-TABPFN-2.6 (default),XGB (tuned + ensemble),0.3081967213114755,True,finite_pairwise_boundary,0.2014051522248245,0.2014051522248245,0.2014051522248245,2.775557561562892e-17,0.1812921890067503,PASS,5.551115123125783e-17,4.440892098500626e-16,1.1102230246251563e-16,3.45644668234442e-17,1e-12,1e-08
primary11__all__rank__equal,TA-TABPFN-2.6 (default),TA-REALMLP (tuned + ensemble),0.0852459016393443,True,finite_pairwise_boundary,0.0562060889929743,0.0562060889929743,0.0562060889929742,5.551115123125783e-17,0.0501446480231437,PASS,9.714451465470121e-17,3.3306690738754696e-16,4.163336342344337e-17,3.457056069982352e-17,1e-12,1e-08
primary11__all__rank__equal,TA-TABPFN-2.6 (default),TA-TABM (tuned + ensemble),0.1934426229508197,True,finite_pairwise_boundary,0.1475409836065575,0.1475409836065575,0.1475409836065574,5.551115123125783e-17,0.1289617486338798,PASS,1.1102230246251563e-16,2.5361230647434373e-16,5.551115123125783e-17,2.5240226575462543e-16,1e-12,1e-08
primary11__all__rank__equal,TA-TABPFN-2.6 (default),TA-TABDPT (default),0.3352459016393443,True,finite_pairwise_boundary,0.1890368852459018,0.1890368852459018,0.1890368852459016,1.3877787807814454e-16,0.1764452113891285,PASS,8.326672684688674e-17,4.440892098500626e-16,2.775557561562892e-17,3.7947076036992655e-18,1e-12,1e-08
primary11__all__rank__equal,TA-TABPFN-2.6 (default),TA-TABICLv2 (default),0.0336065573770491,True,finite_pairwise_boundary,0.0186703096539161,0.0186703096539161,0.0186703096539162,5.898059818321144e-17,0.0186703096539162,PASS,7.28583859910259e-17,4.440892098500626e-16,1.1102230246251563e-16,3.9947616657626194e-18,1e-12,1e-08
primary11__iid__rank__equal,TA-TABICLv2 (default),LR (tuned + ensemble),0.5958762886597937,True,finite_pairwise_boundary,0.3207331042382587,0.3207331042382587,0.3207331042382588,1.1102230246251563e-16,0.3136190992946283,PASS,1.1102230246251563e-16,1.1102230246251563e-15,1.3877787807814457e-17,4.04768811061255e-17,1e-12,1e-08
primary11__iid__rank__equal,TA-TABICLv2 (default),RF (tuned + ensemble),0.5319587628865978,True,finite_pairwise_boundary,0.390034364261168,0.390034364261168,0.3900343642611684,3.8857805861880484e-16,0.3546391752577318,PASS,3.3306690738754696e-16,1.3322676295501878e-15,5.551115123125783e-17,5.185094430943735e-17,1e-12,1e-08
primary11__iid__rank__equal,TA-TABICLv2 (default),XT (tuned + ensemble),0.4628865979381442,True,finite_pairwise_boundary,0.2852233676975946,0.2852233676975946,0.2852233676975944,1.6653345369377348e-16,0.2722862340812613,PASS,1.6653345369377348e-16,1.5543122344752194e-15,5.551115123125783e-17,6.46104017939073e-17,1e-12,1e-08
primary11__iid__rank__equal,TA-TABICLv2 (default),CAT (tuned + ensemble),0.2639175257731958,True,finite_pairwise_boundary,0.1919111816019033,0.1919111816019033,0.1919111816019031,1.9428902930940242e-16,0.1759450171821305,PASS,8.326672684688674e-17,1.1102230246251563e-15,1.6653345369377348e-16,4.589794928825552e-17,1e-12,1e-08
primary11__iid__rank__equal,TA-TABICLv2 (default),GBM (tuned + ensemble),0.302061855670103,True,finite_pairwise_boundary,0.1810567010309277,0.1810567010309277,0.1810567010309277,0.0,0.1678121420389461,PASS,5.551115123125783e-17,1.3322676295501878e-15,8.326672684688674e-17,5.64500479579463e-17,1e-12,1e-08
primary11__iid__rank__equal,TA-TABICLv2 (default),XGB (tuned + ensemble),0.3505154639175257,True,finite_pairwise_boundary,0.2042525773195876,0.2042525773195876,0.2042525773195876,5.551115123125783e-17,0.1844818231144872,PASS,1.1102230246251563e-16,1.3322676295501878e-15,1.1102230246251563e-16,3.064380078439442e-17,1e-12,1e-08
primary11__iid__rank__equal,TA-TABICLv2 (default),TA-REALMLP (tuned + ensemble),0.1432989690721649,True,finite_pairwise_boundary,0.0824742268041234,0.0824742268041234,0.0824742268041237,2.0816681711721683e-16,0.0796105383734249,PASS,1.8041124150158796e-16,9.332812300755222e-16,8.326672684688674e-17,4.666406150377611e-16,1e-12,1e-08
primary11__iid__rank__equal,TA-TABICLv2 (default),TA-TABM (tuned + ensemble),0.2422680412371133,True,finite_pairwise_boundary,0.1477663230240549,0.1477663230240549,0.1477663230240549,5.551115123125783e-17,0.1345933562428407,PASS,0.0,1.1102230246251563e-15,5.551115123125783e-17,7.655674490681975e-17,1e-12,1e-08
primary11__iid__rank__equal,TA-TABICLv2 (default),TA-TABDPT (default),0.3175257731958762,True,finite_pairwise_boundary,0.1678121420389461,0.1678121420389461,0.1678121420389461,2.775557561562892e-17,0.1587628865979381,PASS,0.0,1.3322676295501878e-15,2.775557561562892e-17,8.300840605435867e-17,1e-12,1e-08
primary11__iid__rank__equal,TA-TABICLv2 (default),TA-TABPFN-2.6 (default),0.0103092783505154,True,finite_pairwise_boundary,0.0057273768613973,0.0057273768613973,0.0057273768613974,1.0234868508263162e-16,0.0057273768613974,PASS,9.020562075079396e-17,1.1102230246251563e-15,4.163336342344337e-17,4.163336342344337e-17,1e-12,1e-08
primary11__temporal__rank__equal,TA-TABPFN-2.6 (default),LR (tuned + ensemble),0.6272727272727274,True,finite_pairwise_boundary,0.6493506493506493,0.6493506493506493,0.6493506493506498,4.440892098500626e-16,0.5702479338842976,PASS,1.1102230246251563e-16,2.775557561562892e-17,1.1102230246251563e-16,8.651088503572648e-18,1e-12,1e-08
primary11__temporal__rank__equal,TA-TABPFN-2.6 (default),RF (tuned + ensemble),0.6272727272727274,False,winner_taskwise_weakly_dominates_competitor,inf,inf,inf,,0.8961038961038964,INFEASIBLE,,,,,1e-12,1e-08
primary11__temporal__rank__equal,TA-TABPFN-2.6 (default),XT (tuned + ensemble),0.6272727272727273,False,winner_taskwise_weakly_dominates_competitor,inf,inf,inf,,0.7840909090909092,INFEASIBLE,,,,,1e-12,1e-08
primary11__temporal__rank__equal,TA-TABPFN-2.6 (default),CAT (tuned + ensemble),0.1545454545454545,True,finite_pairwise_boundary,0.1239669421487603,0.1239669421487603,0.1239669421487603,4.163336342344337e-17,0.1188811188811189,PASS,4.163336342344337e-17,1.6653345369377348e-16,1.1102230246251563e-16,3.57840479011414e-17,1e-12,1e-08
primary11__temporal__rank__equal,TA-TABPFN-2.6 (default),GBM (tuned + ensemble),0.1454545454545454,True,finite_pairwise_boundary,0.1818181818181819,0.1818181818181819,0.1818181818181818,1.1102230246251563e-16,0.1818181818181818,PASS,1.1102230246251563e-16,3.6082248300317592e-16,5.551115123125783e-17,1.353084311261909e-16,1e-12,1e-08
primary11__temporal__rank__equal,TA-TABPFN-2.6 (default),XGB (tuned + ensemble),0.2636363636363636,True,finite_pairwise_boundary,0.2272727272727271,0.2272727272727271,0.2272727272727273,1.6653345369377348e-16,0.2027972027972028,PASS,5.551115123125783e-17,4.996003610813204e-16,0.0,1.9984014443252816e-16,1e-12,1e-08
primary11__temporal__rank__equal,TA-TABPFN-2.6 (default),TA-REALMLP (tuned + ensemble),0.0909090909090909,True,finite_pairwise_boundary,0.1022727272727273,0.1022727272727273,0.1022727272727272,4.163336342344337e-17,0.101010101010101,PASS,5.551115123125783e-17,8.326672684688674e-17,0.0,2.0816681711721685e-17,1e-12,1e-08
primary11__temporal__rank__equal,TA-TABPFN-2.6 (default),TA-TABM (tuned + ensemble),0.3272727272727272,True,finite_pairwise_boundary,0.2727272727272726,0.2727272727272726,0.2727272727272727,5.551115123125783e-17,0.2337662337662338,PASS,1.1102230246251563e-16,2.914335439641036e-16,1.1102230246251563e-16,9.272885489766931e-17,1e-12,1e-08
primary11__temporal__rank__equal,TA-TABPFN-2.6 (default),TA-TABDPT (default),0.6363636363636364,False,winner_taskwise_weakly_dominates_competitor,inf,inf,inf,,0.7070707070707071,INFEASIBLE,,,,,1e-12,1e-08
primary11__temporal__rank__equal,TA-TABPFN-2.6 (default),TA-TABICLv2 (default),0.4000000000000001,True,finite_pairwise_boundary,0.4848484848484848,0.4848484848484848,0.4848484848484851,2.220446049250313e-16,0.3636363636363637,PASS,5.551115123125783e-17,2.220446049250313e-16,0.0,3.1960965860421163e-17,1e-12,1e-08
primary11__grouped__rank__equal,TA-REALMLP (tuned + ensemble),LR (tuned + ensemble),0.5428571428571429,True,finite_pairwise_boundary,0.3520408163265306,0.3520408163265306,0.3520408163265306,0.0,0.3392857142857143,PASS,5.551115123125783e-17,2.220446049250313e-16,2.220446049250313e-16,9.990591120829693e-17,1e-12,1e-08
primary11__grouped__rank__equal,TA-REALMLP (tuned + ensemble),RF (tuned + ensemble),0.4428571428571429,True,finite_pairwise_boundary,0.5999999999999999,0.5999999999999999,0.5999999999999999,0.0,0.4428571428571429,PASS,1.1102230246251563e-16,1.3877787807814457e-17,0.0,1.1895246692412392e-17,1e-12,1e-08
primary11__grouped__rank__equal,TA-REALMLP (tuned + ensemble),XT (tuned + ensemble),0.2285714285714286,True,finite_pairwise_boundary,0.2232142857142857,0.2232142857142857,0.2232142857142857,5.551115123125783e-17,0.1904761904761905,PASS,8.326672684688674e-17,2.7755575615628914e-16,8.326672684688674e-17,3.469446951953616e-17,1e-12,1e-08
primary11__grouped__rank__equal,TA-REALMLP (tuned + ensemble),CAT (tuned + ensemble),0.1285714285714286,True,finite_pairwise_boundary,0.1142857142857144,0.1142857142857144,0.1142857142857143,9.714451465470121e-17,0.1071428571428571,PASS,1.249000902703301e-16,2.0816681711721683e-16,4.163336342344337e-17,5.4073808922591316e-17,1e-12,1e-08
primary11__grouped__rank__equal,TA-REALMLP (tuned + ensemble),GBM (tuned + ensemble),0.1071428571428571,True,finite_pairwise_boundary,0.1000000000000001,0.1000000000000001,0.0999999999999999,1.8041124150158796e-16,0.0974025974025973,PASS,1.249000902703301e-16,4.0245584642661925e-16,1.1102230246251563e-16,1.6098233857064774e-16,1e-12,1e-08
primary11__grouped__rank__equal,TA-REALMLP (tuned + ensemble),XGB (tuned + ensemble),0.3714285714285715,True,finite_pairwise_boundary,0.4081632653061224,0.4081632653061224,0.4081632653061224,0.0,0.3714285714285715,PASS,0.0,1.1102230246251563e-16,4.440892098500626e-16,5.5511151231257815e-17,1e-12,1e-08
primary11__grouped__rank__equal,TA-REALMLP (tuned + ensemble),TA-TABM (tuned + ensemble),0.0714285714285714,True,finite_pairwise_boundary,0.0714285714285714,0.0714285714285714,0.0714285714285714,0.0,0.0714285714285714,PASS,5.551115123125783e-17,2.6367796834847473e-16,0.0,1.1647429052987128e-16,1e-12,1e-08
primary11__grouped__rank__equal,TA-REALMLP (tuned + ensemble),TA-TABDPT (default),0.5428571428571428,True,finite_pairwise_boundary,0.4999999999999999,0.4999999999999999,0.4999999999999999,5.551115123125783e-17,0.4175824175824175,PASS,5.551115123125783e-17,1.3877787807814457e-17,0.0,5.551115123125783e-17,1e-12,1e-08
primary11__grouped__rank__equal,TA-REALMLP (tuned + ensemble),TA-TABPFN-2.6 (default),0.25,True,finite_pairwise_boundary,0.1904761904761908,0.1904761904761908,0.1904761904761905,3.6082248300317592e-16,0.1785714285714286,PASS,4.163336342344337e-16,9.71445146547012e-16,1.1102230246251563e-16,3.2381504884900393e-16,1e-12,1e-08
primary11__grouped__rank__equal,TA-REALMLP (tuned + ensemble),TA-TABICLv2 (default),0.3,True,finite_pairwise_boundary,0.336734693877551,0.336734693877551,0.3367346938775511,1.1102230246251563e-16,0.2727272727272727,PASS,5.551115123125783e-17,8.326672684688674e-17,5.551115123125783e-17,1.0040154648714743e-16,1e-12,1e-08
primary11__all__rank__regime_balanced,TA-REALMLP (tuned + ensemble),LR (tuned + ensemble),0.5105993662694693,True,finite_pairwise_boundary,0.3576406411457956,0.3576406411457956,0.3576406411457956,0.0,0.3191246039184183,PASS,2.220446049250313e-16,8.881784197001252e-16,6.245004513516506e-17,9.25914960469894e-17,1e-12,1e-08
primary11__all__rank__regime_balanced,TA-REALMLP (tuned + ensemble),RF (tuned + ensemble),0.4559601910117374,True,finite_pairwise_boundary,0.2899689085256093,0.2899689085256093,0.2899689085256094,1.1102230246251563e-16,0.2682118770657278,PASS,2.7755575615628914e-16,6.661338147750939e-16,1.6653345369377348e-16,8.712246273782076e-17,1e-12,1e-08
primary11__all__rank__regime_balanced,TA-REALMLP (tuned + ensemble),XT (tuned + ensemble),0.3615075646003481,True,finite_pairwise_boundary,0.2102746909447936,0.2102746909447936,0.2102746909447939,2.7755575615628914e-16,0.1902671392633411,PASS,3.8857805861880484e-16,8.881784197001252e-16,5.551115123125783e-17,1.3773107342904851e-16,1e-12,1e-08
primary11__all__rank__regime_balanced,TA-REALMLP (tuned + ensemble),CAT (tuned + ensemble),0.1042754496362743,True,finite_pairwise_boundary,0.0755232739768821,0.0755232739768821,0.0755232739768822,9.714451465470121e-17,0.0695169664241829,PASS,6.938893903907227e-17,1.1102230246251563e-15,2.220446049250313e-16,3.592826178557936e-17,1e-12,1e-08
primary11__all__rank__regime_balanced,TA-REALMLP (tuned + ensemble),GBM (tuned + ensemble),0.1068170660954166,True,finite_pairwise_boundary,0.0989378319275225,0.0989378319275225,0.0989378319275226,1.1102230246251563e-16,0.076297904353869,PASS,5.551115123125783e-17,1.1102230246251563e-15,1.1102230246251563e-16,6.9089758851956875e-18,1e-12,1e-08
primary11__all__rank__regime_balanced,TA-REALMLP (tuned + ensemble),XGB (tuned + ensemble),0.250457446333735,True,finite_pairwise_boundary,0.1756096137539435,0.1756096137539435,0.1756096137539436,1.1102230246251563e-16,0.1473279096080794,PASS,1.6653345369377348e-16,8.881784197001252e-16,3.8857805861880484e-16,1.0808661658009331e-16,1e-12,1e-08
primary11__all__rank__regime_balanced,TA-REALMLP (tuned + ensemble),TA-TABM (tuned + ensemble),0.135587093319052,True,finite_pairwise_boundary,0.1216989820551206,0.1216989820551206,0.1216989820551207,8.326672684688674e-17,0.1042977640915785,PASS,1.249000902703301e-16,8.881784197001252e-16,2.220446049250313e-16,2.726986930030739e-17,1e-12,1e-08
primary11__all__rank__regime_balanced,TA-REALMLP (tuned + ensemble),TA-TABDPT (default),0.4208461641451332,True,finite_pairwise_boundary,0.2365388048377737,0.2365388048377737,0.2365388048377738,5.551115123125783e-17,0.2214979811290174,PASS,2.220446049250313e-16,1.1102230246251563e-15,1.1102230246251563e-16,4.086790178654596e-17,1e-12,1e-08
primary11__all__rank__regime_balanced,TA-REALMLP (tuned + ensemble),TA-TABPFN-2.6 (default),0.0087004061230865,True,finite_pairwise_boundary,0.0051178859547567,0.0051178859547567,0.0051178859547567,2.3418766925686896e-17,0.0051178859547567,PASS,2.6020852139652106e-17,1.3322676295501878e-15,5.551115123125783e-17,5.087838405865471e-18,1e-12,1e-08
primary11__all__rank__regime_balanced,TA-REALMLP (tuned + ensemble),TA-TABICLv2 (default),0.155263980006248,True,finite_pairwise_boundary,0.0913344602133262,0.0913344602133262,0.0913344602133261,5.551115123125783e-17,0.0862577666701377,PASS,2.775557561562892e-17,8.881784197001252e-16,1.1102230246251563e-16,3.155028321932815e-17,1e-12,1e-08
primary11__all__minmax__equal,TA-TABPFN-2.6 (default),LR (tuned + ensemble),0.5837318332171376,True,finite_pairwise_boundary,0.3638977374791303,0.3638977374791303,0.3638977374791305,2.220446049250313e-16,0.3600414636063965,PASS,1.1102230246251563e-16,4.440892098500626e-16,1.6653345369377348e-16,2.79900178852313e-17,1e-12,1e-08
primary11__all__minmax__equal,TA-TABPFN-2.6 (default),RF (tuned + ensemble),0.3472925527744248,True,finite_pairwise_boundary,0.2317596013292374,0.2317596013292374,0.2317596013292375,8.326672684688674e-17,0.2080233096901437,PASS,1.3877787807814454e-16,4.440892098500626e-16,2.775557561562892e-17,2.664050343001016e-17,1e-12,1e-08
primary11__all__minmax__equal,TA-TABPFN-2.6 (default),XT (tuned + ensemble),0.2707225648079112,True,finite_pairwise_boundary,0.1583978514824529,0.1583978514824529,0.1583978514824529,5.551115123125783e-17,0.1409623370030695,PASS,1.1102230246251563e-16,5.551115123125784e-16,4.163336342344337e-17,6.938893903907228e-18,1e-12,1e-08
primary11__all__minmax__equal,TA-TABPFN-2.6 (default),CAT (tuned + ensemble),0.1051978320851,True,finite_pairwise_boundary,0.0635731305920643,0.0635731305920643,0.0635731305920642,1.6653345369377348e-16,0.0612308722703657,PASS,1.52655665885959e-16,4.440892098500626e-16,1.1102230246251563e-16,7.968054205724687e-18,1e-12,1e-08
primary11__all__minmax__equal,TA-TABPFN-2.6 (default),GBM (tuned + ensemble),0.1193342886581251,True,finite_pairwise_boundary,0.0732782243461153,0.0732782243461153,0.0732782243461151,1.6653345369377348e-16,0.0692869326757194,PASS,1.3877787807814454e-16,5.551115123125784e-16,1.1102230246251563e-16,1.5658029512874442e-17,1e-12,1e-08
primary11__all__minmax__equal,TA-TABPFN-2.6 (default),XGB (tuned + ensemble),0.1902581274440361,True,finite_pairwise_boundary,0.1140236980323929,0.1140236980323929,0.1140236980323928,9.714451465470121e-17,0.099464892247574,PASS,9.714451465470121e-17,4.440892098500626e-16,2.775557561562892e-17,1.3569192363490397e-17,1e-12,1e-08
primary11__all__minmax__equal,TA-TABPFN-2.6 (default),TA-REALMLP (tuned + ensemble),0.0472183268795063,True,finite_pairwise_boundary,0.030470967732163,0.030470967732163,0.0304709677321629,9.714451465470121e-17,0.0286356172966684,PASS,1.1102230246251563e-16,4.440892098500626e-16,1.52655665885959e-16,1.7581249230795053e-17,1e-12,1e-08
primary11__all__minmax__equal,TA-TABPFN-2.6 (default),TA-TABM (tuned + ensemble),0.10205184920851,True,finite_pairwise_boundary,0.0650324329438314,0.0650324329438314,0.0650324329438313,9.714451465470121e-17,0.0544448709150709,PASS,9.714451465470121e-17,4.440892098500626e-16,1.1102230246251563e-16,1.2050256852610064e-17,1e-12,1e-08
primary11__all__minmax__equal,TA-TABPFN-2.6 (default),TA-TABDPT (default),0.2432383526663825,True,finite_pairwise_boundary,0.1862038318789775,0.1862038318789775,0.1862038318789776,8.326672684688674e-17,0.1674637322873969,PASS,2.775557561562892e-17,4.440892098500626e-16,8.326672684688674e-17,1.0791398507595385e-17,1e-12,1e-08
primary11__all__minmax__equal,TA-TABPFN-2.6 (default),TA-TABICLv2 (default),0.035447757525844,True,finite_pairwise_boundary,0.021471026002121,0.021471026002121,0.0214710260021211,1.1102230246251563e-16,0.0214710260021211,PASS,4.8572257327350605e-17,4.440892098500626e-16,2.775557561562892e-17,1.6057412987256806e-17,1e-12,1e-08
coverage9__all__rank__equal,TA-REALMLP (tuned + ensemble),LR (tuned + ensemble),0.5369718309859157,True,finite_pairwise_boundary,0.3527528809218948,0.3527528809218948,0.3527528809218948,0.0,0.3304442036836404,PASS,1.1102230246251563e-16,8.881784197001252e-16,2.775557561562892e-17,3.343285244609846e-17,1e-12,1e-08
coverage9__all__rank__equal,TA-REALMLP (tuned + ensemble),RF (tuned + ensemble),0.4744718309859156,True,finite_pairwise_boundary,0.2816901408450697,0.2816901408450697,0.2816901408450702,4.996003610813204e-16,0.2530516431924883,PASS,6.106226635438361e-16,7.042977312465837e-16,1.1102230246251563e-16,3.5214886562329184e-16,1e-12,1e-08
coverage9__all__rank__equal,TA-REALMLP (tuned + ensemble),XT (tuned + ensemble),0.3943661971830987,True,finite_pairwise_boundary,0.2221018418201513,0.2221018418201513,0.2221018418201516,3.05311331771918e-16,0.1971830985915493,PASS,2.220446049250313e-16,1.1102230246251563e-15,2.775557561562892e-17,2.0629865337385718e-16,1e-12,1e-08
coverage9__all__rank__equal,TA-REALMLP (tuned + ensemble),CAT (tuned + ensemble),0.130281690140845,True,finite_pairwise_boundary,0.092957746478873,0.092957746478873,0.0929577464788732,1.9428902930940242e-16,0.0801733477789815,PASS,1.3877787807814454e-16,1.3322676295501878e-15,1.1102230246251563e-16,8.413408858487516e-17,1e-12,1e-08
coverage9__all__rank__equal,TA-REALMLP (tuned + ensemble),GBM (tuned + ensemble),0.1496478873239436,True,finite_pairwise_boundary,0.1158059467918621,0.1158059467918621,0.1158059467918623,1.6653345369377348e-16,0.0997652582159624,PASS,9.714451465470121e-17,1.3322676295501878e-15,2.3592239273284576e-16,1.1934028795608886e-17,1e-12,1e-08
coverage9__all__rank__equal,TA-REALMLP (tuned + ensemble),XGB (tuned + ensemble),0.2323943661971831,True,finite_pairwise_boundary,0.1555697823303456,0.1555697823303456,0.1555697823303456,0.0,0.1327967806841046,PASS,8.326672684688674e-17,1.3322676295501878e-15,2.220446049250313e-16,3.3117448177739037e-17,1e-12,1e-08
coverage9__all__rank__equal,TA-REALMLP (tuned + ensemble),TA-TABM (tuned + ensemble),0.1258802816901408,True,finite_pairwise_boundary,0.0922535211267604,0.0922535211267604,0.0922535211267606,1.9428902930940242e-16,0.0839201877934272,PASS,1.52655665885959e-16,1.3322676295501878e-15,1.9428902930940242e-16,4.891920202254596e-17,1e-12,1e-08
coverage9__all__rank__equal,TA-REALMLP (tuned + ensemble),TA-TABICLv2 (default),0.0554577464788732,True,finite_pairwise_boundary,0.0295774647887324,0.0295774647887324,0.0295774647887324,4.510281037539698e-17,0.0295774647887324,PASS,6.245004513516506e-17,1.3322676295501878e-15,8.326672684688674e-17,4.163336342344337e-18,1e-12,1e-08
coverage9__primary122__rank__equal,TA-TABICLv2 (default),LR (tuned + ensemble),0.5461065573770493,True,finite_pairwise_boundary,0.2730532786885247,0.2730532786885247,0.2730532786885246,1.1102230246251563e-16,0.2730532786885246,PASS,1.1102230246251563e-16,6.661338147750939e-16,0.0,6.5052130349130266e-18,1e-12,1e-08
coverage9__primary122__rank__equal,TA-TABICLv2 (default),RF (tuned + ensemble),0.4815573770491805,True,finite_pairwise_boundary,0.3166915052160955,0.3166915052160955,0.3166915052160956,5.551115123125783e-17,0.2963430012610341,PASS,1.1102230246251563e-16,5.551115123125784e-16,2.775557561562892e-17,5.17263000109448e-17,1e-12,1e-08
coverage9__primary122__rank__equal,TA-TABICLv2 (default),XT (tuned + ensemble),0.3883196721311475,True,finite_pairwise_boundary,0.2276166456494326,0.2276166456494326,0.2276166456494327,2.775557561562892e-17,0.207103825136612,PASS,1.1102230246251563e-16,5.551115123125784e-16,1.1102230246251563e-16,1.7080354225002406e-17,1e-12,1e-08
coverage9__primary122__rank__equal,TA-TABICLv2 (default),CAT (tuned + ensemble),0.1618852459016393,True,finite_pairwise_boundary,0.0907944514501893,0.0907944514501893,0.0907944514501892,1.6653345369377348e-16,0.0809426229508196,PASS,1.52655665885959e-16,4.440892098500626e-16,2.220446049250313e-16,3.522823058906748e-17,1e-12,1e-08
coverage9__primary122__rank__equal,TA-TABICLv2 (default),GBM (tuned + ensemble),0.1875,True,finite_pairwise_boundary,0.1001170960187355,0.1001170960187355,0.1001170960187354,1.1102230246251563e-16,0.09375,PASS,1.6653345369377348e-16,4.440892098500626e-16,1.1102230246251563e-16,1.982541115402066e-17,1e-12,1e-08
coverage9__primary122__rank__equal,TA-TABICLv2 (default),XGB (tuned + ensemble),0.2766393442622952,True,finite_pairwise_boundary,0.1582597730138715,0.1582597730138715,0.1582597730138714,5.551115123125783e-17,0.1475409836065574,PASS,1.3877787807814454e-16,4.440892098500626e-16,1.1102230246251563e-16,2.4019248128909644e-17,1e-12,1e-08
coverage9__primary122__rank__equal,TA-TABICLv2 (default),TA-REALMLP (tuned + ensemble),0.0307377049180327,True,finite_pairwise_boundary,0.0163934426229509,0.0163934426229509,0.0163934426229508,7.63278329429795e-17,0.0163934426229508,PASS,6.938893903907227e-17,4.510281037539698e-16,5.551115123125783e-17,2.7842311789427754e-16,1e-12,1e-08
coverage9__primary122__rank__equal,TA-TABICLv2 (default),TA-TABM (tuned + ensemble),0.1588114754098361,True,finite_pairwise_boundary,0.0860655737704919,0.0860655737704919,0.0860655737704918,5.551115123125783e-17,0.079405737704918,PASS,9.714451465470121e-17,3.3306690738754696e-16,1.1102230246251563e-16,2.862293735361733e-17,1e-12,1e-08
living12__all__rank__equal,TA-TABPFN-3 (default),LR (tuned + ensemble),0.57973174366617,True,finite_pairwise_boundary,0.3292349726775958,0.3292349726775958,0.3292349726775958,0.0,0.3188524590163935,PASS,5.551115123125783e-17,6.661338147750939e-16,1.1102230246251563e-16,5.2991220498850715e-17,1e-12,1e-08
living12__all__rank__equal,TA-TABPFN-3 (default),RF (tuned + ensemble),0.5230998509687036,True,finite_pairwise_boundary,0.3497267759562844,0.3497267759562844,0.3497267759562848,4.440892098500626e-16,0.3196721311475411,PASS,5.551115123125783e-17,3.3306690738754696e-16,6.938893903907227e-17,5.215166489308197e-17,1e-12,1e-08
living12__all__rank__equal,TA-TABPFN-3 (default),XT (tuned + ensemble),0.4523099850968704,True,finite_pairwise_boundary,0.2627504553734064,0.2627504553734064,0.2627504553734064,0.0,0.2369242779078845,PASS,1.1102230246251563e-16,4.440892098500626e-16,5.551115123125783e-17,8.268374600659946e-17,1e-12,1e-08
living12__all__rank__equal,TA-TABPFN-3 (default),CAT (tuned + ensemble),0.2459016393442623,True,finite_pairwise_boundary,0.1434426229508198,0.1434426229508198,0.1434426229508198,5.551115123125783e-17,0.1352459016393443,PASS,1.3877787807814454e-16,5.551115123125784e-16,3.3306690738754696e-16,3.469446951953614e-18,1e-12,1e-08
living12__all__rank__equal,TA-TABPFN-3 (default),GBM (tuned + ensemble),0.2727272727272729,True,finite_pairwise_boundary,0.1644165863066539,0.1644165863066539,0.164416586306654,5.551115123125783e-17,0.15,PASS,5.551115123125783e-17,4.440892098500626e-16,2.220446049250313e-16,4.22272176509957e-17,1e-12,1e-08
living12__all__rank__equal,TA-TABPFN-3 (default),XGB (tuned + ensemble),0.3464977645305515,True,finite_pairwise_boundary,0.2131147540983608,0.2131147540983608,0.2131147540983608,0.0,0.1905737704918033,PASS,8.326672684688674e-17,3.564701626279047e-16,1.1102230246251563e-16,2.5587171270657905e-16,1e-12,1e-08
living12__all__rank__equal,TA-TABPFN-3 (default),TA-REALMLP (tuned + ensemble),0.1348733233979136,True,finite_pairwise_boundary,0.081002892960463,0.081002892960463,0.0810028929604629,9.714451465470121e-17,0.070647931303669,PASS,9.714451465470121e-17,4.440892098500626e-16,2.775557561562892e-17,4.924891658099826e-17,1e-12,1e-08
living12__all__rank__equal,TA-TABPFN-3 (default),TA-TABM (tuned + ensemble),0.2377049180327869,True,finite_pairwise_boundary,0.1530054644808744,0.1530054644808744,0.1530054644808744,0.0,0.137618636755824,PASS,8.326672684688674e-17,4.440892098500626e-16,2.220446049250313e-16,5.91483829128551e-17,1e-12,1e-08
living12__all__rank__equal,TA-TABPFN-3 (default),TA-TABDPT (default),0.3733233979135619,True,finite_pairwise_boundary,0.3005464480874318,0.3005464480874318,0.300546448087432,1.6653345369377348e-16,0.2566598360655738,PASS,5.551115123125783e-17,3.3306690738754696e-16,1.3877787807814454e-16,2.864782068216616e-17,1e-12,1e-08
living12__all__rank__equal,TA-TABPFN-3 (default),TA-TABPFN-2.6 (default),0.048435171385991,True,finite_pairwise_boundary,0.0308582449373192,0.0308582449373192,0.0308582449373191,9.020562075079396e-17,0.02959927140255,PASS,7.63278329429795e-17,4.440892098500626e-16,5.551115123125783e-17,7.014798511161276e-18,1e-12,1e-08
living12__all__rank__equal,TA-TABPFN-3 (default),TA-TABICLv2 (default),0.0760059612518629,True,finite_pairwise_boundary,0.0556206088992973,0.0556206088992973,0.0556206088992974,4.8572257327350605e-17,0.0491803278688524,PASS,4.8572257327350605e-17,4.440892098500626e-16,5.551115123125783e-17,1.7595052399193325e-17,1e-12,1e-08
