quantity,value,scope
tasks,51,TabArena real-data study
methods,14,pre-specified methods
paired_fold_vectors,816,TabArena study archive
traces,80,fixed overlapping disclosure traces
checkpoints,480,tested sampled checkpoints
sampled_disclosure_savings,0,tested certificate strengthening
opposite_answer_witnesses,47,of 80 immediate pre-stopping prefixes
witnesses_epsilon_2_over_51,39,of 40 traces
witnesses_epsilon_4_over_51,8,of 40 traces
inconclusive_traces,33,absence of witness is not semantic determination
candidate_completion_trials,1120,80 traces x 14 candidate completions
candidate_support_comparisons,14560,verification record
archived_completion_comparisons,364,verification record
canonical_states,65780,uniform 68-task exact construction
ordered_support_comparisons,789360,65780 x 12
